Address,City,State,Zipcode,Price
4611 Marshall Street,Hanover,MD,21076,18000
437 Kooter Lane,Charlotte,NC,28202,20000
2895 Pinewood Drive,Schaumburg,IL,60173,54000
2665 Middlevilee Road,Santa Fe Spring,CA,90670,78800
1906 Linda Street,Horsham,PA,19044,13499
4612 Marshall Street,Hanover,MD,21076,25000
438 Kooter Lane,Charlotte,NC,28202,48000
2896 Pinewood Drive,Schaumburg,IL,60173,21400
2666 Middlevilee Road,Santa Fe Spring,CA,90670,35460
1907 Linda Street,Horsham,PA,19044,26022
4613 Marshall Street,Hanover,MD,21076,45200
439 Kooter Lane,Charlotte,NC,28202,35300
2897 Pinewood Drive,Schaumburg,IL,60173,48400
2667 Middlevilee Road,Santa Fe Spring,CA,90670,26750
1908 Linda Street,Horsham,PA,19044,15600
4614 Marshall Street,Hanover,MD,21076,23300
440 Kooter Lane,Charlotte,NC,28202,75700
2898 Pinewood Drive,Schaumburg,IL,60173,49400
2668 Middlevilee Road,Santa Fe Spring,CA,90670,84100
1909 Linda Street,Horsham,PA,19044,67200
4615 Marshall Street,Hanover,MD,21076,32100
441 Kooter Lane,Charlotte,NC,28202,42500
2899 Pinewood Drive,Schaumburg,IL,60173,61200
2669 Middlevilee Road,Santa Fe Spring,CA,90670,73400
1910 Linda Street,Horsham,PA,19044,28300
4616 Marshall Street,Hanover,MD,21076,57600
442 Kooter Lane,Charlotte,NC,28202,19800
2900 Pinewood Drive,Schaumburg,IL,60173,38700
2670 Middlevilee Road,Santa Fe Spring,CA,90670,45600
1911 Linda Street,Horsham,PA,19044,64100
4617 Marshall Street,Hanover,MD,21076,71400
443 Kooter Lane,Charlotte,NC,28202,24300
2901 Pinewood Drive,Schaumburg,IL,60173,52800
2671 Middlevilee Road,Santa Fe Spring,CA,90670,39700
1912 Linda Street,Horsham,PA,19044,17500
4618 Marshall Street,Hanover,MD,21076,63200
444 Kooter Lane,Charlotte,NC,28202,68400
2902 Pinewood Drive,Schaumburg,IL,60173,27600
2672 Middlevilee Road,Santa Fe Spring,CA,90670,81300
1913 Linda Street,Horsham,PA,19044,42700
4619 Marshall Street,Hanover,MD,21076,36800
445 Kooter Lane,Charlotte,NC,28202,53900
2903 Pinewood Drive,Schaumburg,IL,60173,69100
2673 Middlevilee Road,Santa Fe Spring,CA,90670,29800
1914 Linda Street,Horsham,PA,19044,55600
4620 Marshall Street,Hanover,MD,21076,47500
446 Kooter Lane,Charlotte,NC,28202,31200
2904 Pinewood Drive,Schaumburg,IL,60173,78300
2674 Middlevilee Road,Santa Fe Spring,CA,90670,62400
1915 Linda Street,Horsham,PA,19044,22900
4621 Marshall Street,Hanover,MD,21076,59700
447 Kooter Lane,Charlotte,NC,28202,73500
2905 Pinewood Drive,Schaumburg,IL,60173,44100
2675 Middlevilee Road,Santa Fe Spring,CA,90670,16200
1916 Linda Street,Horsham,PA,19044,38400
4622 Marshall Street,Hanover,MD,21076,65600
448 Kooter Lane,Charlotte,NC,28202,27700
2906 Pinewood Drive,Schaumburg,IL,60173,57500
2676 Middlevilee Road,Santa Fe Spring,CA,90670,71800
1917 Linda Street,Horsham,PA,19044,19400
4623 Marshall Street,Hanover,MD,21076,74100
449 Kooter Lane,Charlotte,NC,28202,45400
2907 Pinewood Drive,Schaumburg,IL,60173,33600
2677 Middlevilee Road,Santa Fe Spring,CA,90670,58900
1918 Linda Street,Horsham,PA,19044,62700
4624 Marshall Street,Hanover,MD,21076,51300
450 Kooter Lane,Charlotte,NC,28202,67200
2908 Pinewood Drive,Schaumburg,IL,60173,76400
2678 Middlevilee Road,Santa Fe Spring,CA,90670,24500
1919 Linda Street,Horsham,PA,19044,49800
4625 Marshall Street,Hanover,MD,21076,36700
451 Kooter Lane,Charlotte,NC,28202,18600
2909 Pinewood Drive,Schaumburg,IL,60173,65700
2679 Middlevilee Road,Santa Fe Spring,CA,90670,53200
1920 Linda Street,Horsham,PA,19044,72300
4626 Marshall Street,Hanover,MD,21076,43900
452 Kooter Lane,Charlotte,NC,28202,59100
2910 Pinewood Drive,Schaumburg,IL,60173,29300
2680 Middlevilee Road,Santa Fe Spring,CA,90670,41500
1921 Linda Street,Horsham,PA,19044,79600
4627 Marshall Street,Hanover,MD,21076,68800
453 Kooter Lane,Charlotte,NC,28202,37800
2911 Pinewood Drive,Schaumburg,IL,60173,54200
2681 Middlevilee Road,Santa Fe Spring,CA,90670,25700
1922 Linda Street,Horsham,PA,19044,66500
4628 Marshall Street,Hanover,MD,21076,77400
454 Kooter Lane,Charlotte,NC,28202,63300
2912 Pinewood Drive,Schaumburg,IL,60173,39100
2682 Middlevilee Road,Santa Fe Spring,CA,90670,47400
1923 Linda Street,Horsham,PA,19044,31500
